{"cameraMode":{"drawMode":0,"name":"Shaded","section":"Shading Mode"},"sceneLighting":false,"audioPlay":false,"sceneViewState":{"m_AlwaysRefresh":false,"showFog":true,"showSkybox":true,"showFlares":true,"showImageEffects":true,"showParticleSystems":true,"showVisualEffectGraphs":true,"m_FxEnabled":true},"in2DMode":false,"pivot":{"x":-7.908845901489258,"y":-841.7613525390625,"z":91.5387191772461},"rotation":{"x":-0.6719281077384949,"y":0.00044245936442166567,"z":-0.0004011719429399818,"w":-0.7406140565872192},"size":474.34246826171877,"orthographic":false}