{"cameraMode":{"drawMode":0,"name":"Shaded","section":"Shading Mode"},"sceneLighting":false,"audioPlay":false,"sceneViewState":{"m_AlwaysRefresh":false,"showFog":true,"showSkybox":true,"showFlares":true,"showImageEffects":true,"showParticleSystems":true,"showVisualEffectGraphs":true,"m_FxEnabled":true},"in2DMode":false,"pivot":{"x":16.983375549316408,"y":-840.751708984375,"z":101.99970245361328},"rotation":{"x":-0.6719281077384949,"y":0.00044245936442166567,"z":-0.0004011719429399818,"w":-0.7406140565872192},"size":486.72686767578127,"orthographic":false}