{"cameraMode":{"drawMode":0,"name":"Shaded","section":"Shading Mode"},"sceneLighting":false,"audioPlay":false,"sceneViewState":{"m_AlwaysRefresh":false,"showFog":true,"showSkybox":true,"showFlares":true,"showImageEffects":true,"showParticleSystems":true,"showVisualEffectGraphs":true,"m_FxEnabled":true},"in2DMode":false,"pivot":{"x":595.682373046875,"y":256.2530822753906,"z":90.83763885498047},"rotation":{"x":-0.10660657286643982,"y":0.0005936490488238633,"z":-0.00006351657066261396,"w":-0.994300127029419},"size":824.0015258789063,"orthographic":false}