{"cameraMode":{"drawMode":0,"name":"Shaded","section":"Shading Mode"},"sceneLighting":false,"audioPlay":false,"sceneViewState":{"m_AlwaysRefresh":false,"showFog":true,"showSkybox":true,"showFlares":true,"showImageEffects":true,"showParticleSystems":true,"showVisualEffectGraphs":true,"m_FxEnabled":true},"in2DMode":false,"pivot":{"x":-13.33065128326416,"y":-842.3924560546875,"z":85.15943908691406},"rotation":{"x":-0.6719281077384949,"y":0.00044245936442166567,"z":-0.0004011719429399818,"w":-0.7406140565872192},"size":566.6445922851563,"orthographic":false}